{
  "urls": [
    "sd.ogg",
    "sd.m4a",
    "sd.mp3",
    "sd.ac3"
  ],
  "sprite": {
    "sd0000": [
      0,
      250
    ],
    "sd0010": [
      2000,
      500.02267573696145
    ],
    "sd0025": [
      4000,
      250.02267573696102
    ],
    "sd0050": [
      6000,
      500.022675736961
    ],
    "sd0075": [
      8000,
      500.022675736961
    ],
    "sd1000": [
      10000,
      250
    ],
    "sd1010": [
      12000,
      500.022675736961
    ],
    "sd1025": [
      14000,
      250
    ],
    "sd1050": [
      16000,
      500.022675736961
    ],
    "sd1075": [
      18000,
      500.022675736961
    ],
    "sd2500": [
      20000,
      250.02267573696102
    ],
    "sd2510": [
      22000,
      500.022675736961
    ],
    "sd2525": [
      24000,
      250.02267573696102
    ],
    "sd2550": [
      26000,
      500.022675736961
    ],
    "sd2575": [
      28000,
      500.022675736961
    ],
    "sd5000": [
      30000,
      250.02267573696102
    ],
    "sd5010": [
      32000,
      500.0226757369646
    ],
    "sd5025": [
      34000,
      250.02267573696457
    ],
    "sd5050": [
      36000,
      500.0226757369646
    ],
    "sd5075": [
      38000,
      500.0226757369646
    ],
    "sd7500": [
      40000,
      250.02267573696457
    ],
    "sd7510": [
      42000,
      500.0226757369646
    ],
    "sd7525": [
      44000,
      250
    ],
    "sd7550": [
      46000,
      500.0226757369646
    ],
    "sd7575": [
      48000,
      500.0226757369646
    ]
  }
}