{
  "urls": [
    "oh.ogg",
    "oh.m4a",
    "oh.mp3",
    "oh.ac3"
  ],
  "sprite": {
    "oh00": [
      0,
      250.02267573696147
    ],
    "oh10": [
      2000,
      750.0226757369614
    ],
    "oh25": [
      4000,
      250.02267573696102
    ],
    "oh50": [
      6000,
      500.022675736961
    ],
    "oh75": [
      8000,
      750.022675736961
    ]
  }
}