{
  "urls": [
    "mt.ogg",
    "mt.m4a",
    "mt.mp3",
    "mt.ac3"
  ],
  "sprite": {
    "mc00": [
      0,
      0
    ],
    "mc10": [
      1000,
      500.02267573696145
    ],
    "mc25": [
      3000,
      500.02267573696145
    ],
    "mc50": [
      5000,
      500.022675736961
    ],
    "mc75": [
      7000,
      500.022675736961
    ],
    "mt00": [
      9000,
      1000.022675736961
    ],
    "mt10": [
      12000,
      1000.022675736961
    ],
    "mt25": [
      15000,
      1000.022675736961
    ],
    "mt50": [
      18000,
      1000.022675736961
    ],
    "mt75": [
      21000,
      1000.022675736961
    ]
  }
}