{
  "urls": [
    "bd.ogg",
    "bd.m4a",
    "bd.mp3",
    "bd.ac3"
  ],
  "sprite": {
    "bd0000": [
      0,
      250.02267573696147
    ],
    "bd0010": [
      2000,
      3000.022675736961
    ],
    "bd0025": [
      7000,
      500.022675736961
    ],
    "bd0050": [
      9000,
      1500.022675736961
    ],
    "bd0075": [
      12000,
      2000.022675736961
    ],
    "bd1000": [
      16000,
      250.02267573696102
    ],
    "bd1010": [
      18000,
      3000.022675736961
    ],
    "bd1025": [
      23000,
      500.022675736961
    ],
    "bd1050": [
      25000,
      1500.022675736961
    ],
    "bd1075": [
      28000,
      2000.022675736961
    ],
    "bd2500": [
      32000,
      250
    ],
    "bd2510": [
      34000,
      3000.0226757369646
    ],
    "bd2525": [
      39000,
      500.0226757369646
    ],
    "bd2550": [
      41000,
      1500.0226757369646
    ],
    "bd2575": [
      44000,
      2000.0226757369646
    ],
    "bd5000": [
      48000,
      250.02267573696457
    ],
    "bd5010": [
      50000,
      3000.0226757369646
    ],
    "bd5025": [
      55000,
      500.0226757369646
    ],
    "bd5050": [
      57000,
      1500.0226757369646
    ],
    "bd5075": [
      60000,
      2000.0226757369646
    ],
    "bd7500": [
      64000,
      250.02267573695747
    ],
    "bd7510": [
      66000,
      3000.0226757369574
    ],
    "bd7525": [
      71000,
      500.02267573695747
    ],
    "bd7550": [
      73000,
      1500.0226757369574
    ],
    "bd7575": [
      76000,
      2000.0226757369574
    ]
  }
}