{
  "urls": [
    "ht.ogg",
    "ht.m4a",
    "ht.mp3",
    "ht.ac3"
  ],
  "sprite": {
    "hc00": [
      0,
      500.02267573696145
    ],
    "hc10": [
      2000,
      500.02267573696145
    ],
    "hc25": [
      4000,
      500.022675736961
    ],
    "hc50": [
      6000,
      500.022675736961
    ],
    "hc75": [
      8000,
      500.022675736961
    ],
    "ht00": [
      10000,
      1000.022675736961
    ],
    "ht10": [
      13000,
      1000.022675736961
    ],
    "ht25": [
      16000,
      1000.022675736961
    ],
    "ht50": [
      19000,
      1000.022675736961
    ],
    "ht75": [
      22000,
      1000.022675736961
    ]
  }
}