{
  "urls": [
    "lt.ogg",
    "lt.m4a",
    "lt.mp3",
    "lt.ac3"
  ],
  "sprite": {
    "lc00": [
      0,
      500.02267573696145
    ],
    "lc10": [
      2000,
      500.02267573696145
    ],
    "lc25": [
      4000,
      500.022675736961
    ],
    "lc50": [
      6000,
      500.022675736961
    ],
    "lc75": [
      8000,
      500.022675736961
    ],
    "lt00": [
      10000,
      1000.022675736961
    ],
    "lt10": [
      13000,
      1000.022675736961
    ],
    "lt25": [
      16000,
      1000.022675736961
    ],
    "lt50": [
      19000,
      1000.022675736961
    ],
    "lt75": [
      22000,
      1000.022675736961
    ]
  }
}