{
  "urls": [
    "cy.ogg",
    "cy.m4a",
    "cy.mp3",
    "cy.ac3"
  ],
  "sprite": {
    "cy0000": [
      0,
      1500.0226757369614
    ],
    "cy0010": [
      3000,
      4000.022675736961
    ],
    "cy0025": [
      9000,
      2000.022675736961
    ],
    "cy0050": [
      13000,
      2500.022675736961
    ],
    "cy0075": [
      17000,
      3500.022675736961
    ],
    "cy1000": [
      22000,
      1500.022675736961
    ],
    "cy1010": [
      25000,
      4000.022675736961
    ],
    "cy1025": [
      31000,
      2000.0226757369646
    ],
    "cy1050": [
      35000,
      2500.0226757369646
    ],
    "cy1075": [
      39000,
      3500.0226757369646
    ],
    "cy2500": [
      44000,
      1500.0226757369646
    ],
    "cy2510": [
      47000,
      4000.0226757369574
    ],
    "cy2525": [
      53000,
      2000.0226757369646
    ],
    "cy2550": [
      57000,
      2500.0226757369646
    ],
    "cy2575": [
      61000,
      3500.0226757369574
    ],
    "cy5000": [
      66000,
      1500.0226757369574
    ],
    "cy5010": [
      69000,
      4000.0226757369574
    ],
    "cy5025": [
      75000,
      2000.0226757369574
    ],
    "cy5050": [
      79000,
      2500.0226757369574
    ],
    "cy5075": [
      83000,
      3500.0226757369574
    ],
    "cy7500": [
      88000,
      1500.0226757369574
    ],
    "cy7510": [
      91000,
      4000.0226757369574
    ],
    "cy7525": [
      97000,
      2000.0226757369574
    ],
    "cy7550": [
      101000,
      2500.0226757369574
    ],
    "cy7575": [
      105000,
      3500.0226757369574
    ]
  }
}